trading_date,open,high,low,close,volume
2024-12-17,531.5392172672515,532.6491459423796,529.3292797155087,530.9842529296875,28579100
2024-12-18,530.3401942657196,532.0546259876975,510.38119437057514,511.8280334472656,54703200
2024-12-19,516.5056617171667,517.0705459413463,509.21182628972144,509.5487365722656,46441800
2024-12-20,505.852260942774,520.1030209685301,504.71260298135905,513.9983520507812,60530000
2024-12-23,515.7106302984251,519.3833002478667,512.3159202923702,519.006103515625,29672800
2024-12-24,520.9517271030093,526.1331242500298,520.3164419142475,526.0438232421875,17558200
2024-12-26,524.4158307733787,527.3142356084127,522.4206745678785,525.6863403320312,19090500
2024-12-27,522.1228199982326,522.559570841844,514.0330238895601,518.6983032226562,33839600
2024-12-30,511.7005373751371,515.5220627362082,508.04770850678767,511.7997741699219,34584000
2024-12-31,513.0802310210817,513.8345638741997,506.48928482473434,507.4521179199219,29117000
2025-01-02,510.4993728244697,512.8221071633047,501.97285552495356,506.45947265625,36389800
2025-01-03,509.55634989003045,515.8098417331423,508.7424629551306,514.7477416992188,29059500
2025-01-06,520.1475802181556,524.0187233784725,518.1722957509822,520.6636962890625,36109700
2025-01-07,521.7059999662438,522.1030076792526,509.4869713360559,511.3728942871094,36690300
2025-01-08,511.27365140459267,513.1000201476976,506.7969699488272,511.4622497558594,30777800
2025-01-10,507.7002616861164,507.7994984696709,500.19613120906627,503.44195556640625,40532500
2025-01-13,497.4962392396563,502.28059733248006,496.00732395497107,501.8240051269531,31694200
2025-01-14,504.98052179626774,506.39004165996994,497.8833646668992,501.3475646972656,33737200
2025-01-15,509.2388513156959,514.0231792721111,507.680415704871,512.8817138671875,34957600
2025-01-16,515.1448467748171,515.224272558158,509.1594384871324,509.2884826660156,28229000
2025-01-17,518.9861209529159,520.1971366722539,509.3181091218114,517.8843383789062,51837900
2025-01-21,520.6041714349437,522.0831509199561,516.2168513724278,520.9218139648438,23628000
2025-01-22,525.6565483001042,529.8751413083515,525.3488415863966,527.5822143554688,33593000
2025-01-23,525.1304853393235,528.8230268358762,524.5448792406889,528.7039184570312,23096600
2025-01-24,529.0811499069405,529.8454186239994,524.247142698527,525.7161865234375,19878300
2025-01-27,507.2237644449725,514.1620993962705,506.3800397959972,510.4100646972656,60771700
2025-01-28,511.4125906777684,519.135127001106,507.9980395084438,517.9539184570312,33194200
2025-01-29,518.5991606876129,518.7282048637726,513.0802502522747,516.981201171875,26649000
2025-01-30,519.8398489654351,522.2121410225601,514.380493502768,519.1846923828125,27431300
2025-01-31,523.0260873773669,527.5921301044531,517.338450995146,518.4302978515625,38755200
2025-02-03,509.6755241871737,517.000992221849,507.27342449560086,514.28125,40580800
2025-02-04,514.7974286874838,521.2295233442737,514.4003603770645,520.59423828125,26046800
2025-02-05,517.9638671852232,523.11551659981,516.7727228160936,522.9566650390625,21134100
2025-02-06,523.4629031663001,525.8948102853632,521.8548794809367,525.6863403320312,19434500
2025-02-07,526.2224024701397,528.1678797493125,518.3311390158517,519.0557250976562,29605500
2025-02-10,523.3239005134812,526.4407109622551,522.8574028177311,525.3389282226562,20852800
2025-02-11,522.0732896066455,526.0039872775455,521.9442454321847,524.0882568359375,19325500
2025-02-12,518.4402137606293,525.2793115026069,518.0928244789425,524.3958740234375,25009400
2025-02-13,526.0635234537466,532.2574012792994,525.2793832223591,531.9398193359375,28714800
2025-02-14,532.0490173479468,534.8581212532781,531.7115032138299,534.1732177734375,17862600
2025-02-18,535.7414193270516,536.0094434356852,532.0786857068766,535.3840942382812,20565000
2025-02-19,534.590089236306,536.8135264180986,532.4956962288245,535.5330810546875,19666900
2025-02-20,534.7488027980122,535.1160636766159,528.5251788659228,533.2598876953125,26550800
2025-02-21,534.4014135025412,534.4212850908257,521.8250608987436,522.1923217773438,47093800
2025-02-24,523.9791386398983,525.160347339716,515.6908667320525,516.0283203125,39268400
2025-02-25,515.402907751773,515.4823335308943,505.67533996149535,509.52667236328125,48940000
2025-02-26,511.72040130693927,515.8198259825109,507.59110865878125,510.7575378417969,34457600
2025-02-27,514.3010917647001,515.2341477107384,496.35468364163813,496.57305908203125,52448000
2025-02-28,496.43413947250224,505.0202115627976,493.2577747457523,504.41473388671875,47654000
2025-03-03,507.73993161461107,509.2486881332856,489.93250314963643,493.3768615722656,44587200
2025-03-04,490.5280988504062,500.0174498903787,484.1356867718227,491.8879699707031,67875400
2025-03-05,492.5331693757525,499.9082555325708,487.6296728031353,498.30023193359375,46323700
2025-03-06,490.0417360224173,494.89558418778057,482.6070952577814,484.5923156738281,57574300
2025-03-07,483.56003226680144,489.63480239179813,476.979021200701,488.15582275390625,54714700
2025-03-10,479.87744712390025,480.39359355913183,465.19673274957023,469.2366638183594,76668000
2025-03-11,468.85944790641054,475.2717015064333,463.55891291656457,468.114990234375,68760800
2025-03-12,475.6190975102553,477.50505079394827,468.3035653299785,473.3956604003906,46971100
2025-03-13,472.7306091786664,472.760386273074,462.98316971511383,464.8790588378906,46563300
2025-03-14,470.2292461988736,477.00876061202655,469.62373821824536,476.11541748046875,43563000
2025-03-17,476.06574086012523,482.2497130174167,474.2691189068619,479.202392578125,41744400
2025-03-18,475.86727110411596,476.0657749736721,468.91899953639006,471.03326416015625,39072300
2025-03-19,473.2864979024419,481.7435264527976,471.36083156550126,477.33636474609375,40430300
2025-03-20,473.3559058863872,480.9692083343736,472.6610667046265,475.71832275390625,36780500
2025-03-21,470.57662752286865,478.0509810732746,469.4152905592447,477.28668212890625,42234900
2025-03-24,484.8576794709337,488.60541998448804,481.53742091872255,487.76043701171875,34567200
2025-03-25,488.48607924199416,490.7028813411277,487.5218103740152,490.5438232421875,26035200
2025-03-26,489.390696139039,490.24562966600536,479.96673847902554,481.51751708984375,34627100
2025-03-27,479.55920474042404,483.70454516246133,477.41196560654595,478.77386474609375,33469800
2025-03-28,476.9745201773356,477.6803158784236,465.2840071747282,466.16876220703125,46363800
2025-03-31,459.19026229129486,467.08331235256605,454.6273605455005,466.1488952636719,53000300
2025-04-01,464.53844262078127,470.83105198841025,461.6754876852753,469.90655517578125,41156200
2025-04-02,463.3654253458386,476.7260031222664,463.1069521266998,473.3361511230469,49894500
2025-04-03,453.7426062022167,457.35115906183495,447.47984907108474,447.99676513671875,70456300
2025-04-04,435.55079068681124,437.7675929050692,420.1722106933594,420.1722106933594,117088400
2025-04-07,406.24497996843866,440.5212273303754,400.01204418212296,421.1861572265625,161557000
2025-04-08,435.57062951414565,440.5212103571544,407.36829126047905,413.6012268066406,101248100
2025-04-09,413.11415290728195,465.06529634282225,412.97496569005153,463.2461242675781,142876900
2025-04-10,450.8796353482819,452.89763762867176,430.07333074405074,443.5432434082031,108384100
2025-04-11,442.0223093443537,453.09649143953806,438.7219217931667,451.7146911621094,52483800
2025-04-14,461.7152208667026,462.3017305650004,449.95514472763216,454.7764892578125,43941200
2025-04-15,455.83024573579985,459.64754944257936,453.4543549864483,455.2834777832031,35404200
2025-04-16,446.37639807774553,449.9451788691767,435.17301051795084,441.5550537109375,48980600
2025-04-17,444.5274509761507,445.10401010316673,438.7517574071589,441.4755859375,44837000
2025-04-21,435.64027525418857,436.48522787937225,425.40112526573694,430.5505065917969,44149300
2025-04-22,436.22677695266526,444.9349886334612,435.03385628214005,441.85333251953125,52304400
2025-04-23,455.46243104941027,460.641633756553,450.20368411807647,451.8737487792969,55801100
2025-04-24,453.78243704630535,464.896361425193,453.1362539590864,464.58819580078125,45956100
2025-04-25,464.2103725610634,470.2942006570759,462.6397231543872,469.767333984375,38697100
2025-04-28,470.2345562596675,472.0040358662156,463.27592382131877,469.61822509765625,33550800
2025-04-29,467.3915381780168,473.60460372916896,466.81494870601875,472.7198486328125,30613100
2025-04-30,464.36947606745446,474.37997416490805,459.697238824554,472.6601867675781,46810600
2025-05-01,480.5532222946606,484.300932012728,477.898987697636,478.83343505859375,43316500
2025-05-02,483.66474747370063,488.00891762969025,481.9648310617846,485.9411926269531,39218100
2025-05-05,481.73622270162116,486.14003597307794,481.2391774925475,483.058349609375,28309500
2025-05-06,476.7259901676863,482.1835367600156,475.36409117258444,478.5650634765625,32786300
2025-05-07,479.2310866723673,482.9291041737698,473.9624196873836,480.4438781738281,38006300
2025-05-08,485.642990937839,489.78836133137906,481.30877127503675,485.4044189453125,39577600
2025-05-09,487.31308720263786,488.6352445339485,483.3268049949173,485.0863342285156,27767400
2025-05-12,503.99388239825186,504.88858802841014,498.51646492128515,504.84881591796875,45090600
2025-05-13,506.15112683099704,514.3325026354601,505.4155095627927,512.5431518554688,53269600
2025-05-14,513.7161211405411,516.1615447200978,512.7021295054291,515.6148071289062,47014500
2025-05-15,513.4676707665623,518.8456739501621,512.1256121181644,516.1815185546875,50153300
2025-05-16,517.5830263951985,518.616919133845,514.0440673713118,518.4280395507812,48394600
2025-05-19,511.2010686059385,519.442117353632,511.2010686059385,518.9251708984375,52536200
2025-05-20,516.4001746478178,517.8515686536134,513.6067827063093,517.1954956054688,42517600
2025-05-21,513.2191016405527,519.909311026266,508.2187974987168,510.0081481933594,71292800
2025-05-22,510.62447644500173,514.6505913275334,509.27252798800356,510.9624938964844,55607200
2025-05-23,503.1887069260503,508.8152626278632,502.59224657648224,506.2306213378906,58368100
2025-05-27,513.0998460017336,518.626986864166,511.54906721801433,518.1398315429688,47226300
2025-05-28,519.0941399870436,520.5852756508032,515.326559052752,515.8434448242188,46637200
2025-05-29,523.21968658337,523.3687637584553,514.2629211840699,516.8574829101562,58513300
2025-05-30,516.370303138387,517.6029654866918,508.9046747674079,516.042236328125,67662800
2025-06-02,514.18335129797,520.3566750351536,512.9208369697641,520.1181030273438,44762800
2025-06-03,520.4659496294596,525.6153304447355,519.6010958649408,524.183837890625,44070300
2025-06-04,524.8896842213366,526.708886650537,522.8617009643712,525.6452026367188,41359300
2025-06-05,527.0468829475419,529.8999177687056,519.5713031286073,521.688720703125,61031200
2025-06-06,526.8679353376542,528.6572860020211,525.0885352856423,526.7883911132812,42467000
2025-06-09,527.0071545180014,529.2040557008712,525.8838273941709,527.5638427734375,33688700
2025-06-10,528.0309659877803,531.7389643345455,525.7644714899908,531.0530395507812,40664800
2025-06-11,532.4547240748923,533.607902979141,526.9772759658763,529.263671875,53701000
2025-06-12,527.9515275399644,531.4805365276557,527.703004925698,530.5062866210938,34104900
2025-06-13,524.5616021772432,528.7268432784747,522.6231138097035,523.8458862304688,55814400
2025-06-16,527.3649873706377,532.2062030416474,527.3152949826874,531.132568359375,37622100
2025-06-17,528.5677704245282,530.178191841852,524.7901787794913,525.9533081054688,42180900
2025-06-18,526.9672562637179,529.4027896913979,524.2832609295995,525.8638305664062,43983500
2025-06-20,529.1146401876316,530.4069457539052,521.7782471531975,523.7167358398438,61643500
2025-06-23,524.2849177292203,529.6192118620138,521.1400908129034,529.1017456054688,50666100
2025-06-24,534.3165868287479,538.1083222601969,533.6995634797794,537.1927490234375,45442000
2025-06-25,539.4618115177252,540.7058200544818,536.7946645040316,538.5661010742188,44804200
2025-06-26,540.745568102249,544.0496618306095,538.9243834682991,543.601806640625,43811400
2025-06-27,544.6369739056408,547.3538694850535,541.9299793720932,545.4630126953125,57577100
2025-06-30,548.6177271894713,550.150323841353,546.3785118204822,548.9959106445312,45548700
2025-07-01,547.0951436887766,548.0704878876566,542.0494367342798,544.3682861328125,56166700
2025-07-02,543.5421378206258,548.3589656247289,543.5023514145969,548.159912109375,36538300
2025-07-03,550.528547956803,554.5292991491806,550.528547956803,553.553955078125,26443500
2025-07-07,550.8669428006658,551.6830197478901,546.9458251844275,549.3840942382812,45349300
2025-07-08,550.7274980013236,551.3544830925421,548.4583975297523,549.6925048828125,36153300
2025-07-09,551.8222657361728,554.957191559505,550.448875446199,553.5838012695312,43045500
2025-07-10,554.2207589895446,554.6287670725607,550.1005880395711,552.7876586914062,34710900
2025-07-11,550.6479296881262,553.1259849885996,549.4039211443059,551.5436401367188,39618600
2025-07-14,551.3346764161255,554.280510790838,548.9860026438791,553.5440673828125,36453300
2025-07-15,557.5646229155932,558.1119745200461,553.9918036921638,554.051513671875,43277700
2025-07-16,554.6088733698717,557.524821997974,548.9162589009651,554.6187744140625,52314700
2025-07-17,555.3454488006327,559.6148651110749,554.539333532434,559.1072998046875,40423800
2025-07-18,560.4208944407413,562.0231629422733,557.2959302535468,558.56982421875,50484700
2025-07-21,559.3958946507648,563.3468370391857,559.3660092861638,561.4658813476562,39595200
2025-07-22,561.5951830334812,561.6449312247784,555.9324539325285,558.559814453125,43270600
2025-07-23,559.6446191045442,561.1473303500087,556.8978386154415,561.1075439453125,40215300
2025-07-24,562.4212998555654,563.5259649748344,560.590092369004,562.3018798828125,42275500
2025-07-25,562.2222340881906,564.9789766749151,561.5654242523398,563.6553344726562,30630800
2025-07-28,565.0187630549528,566.3125198933016,564.1529379000713,565.4168701171875,31498700
2025-07-29,568.0242394036405,569.3677442783611,563.8145341030877,564.541015625,45463300
2025-07-30,565.4566917408055,567.8849991894002,562.3416890497874,565.2974853515625,43433800
2025-07-31,571.7861703841629,571.8757657350329,561.1673293990499,562.3018798828125,64613600
2025-08-01,556.1515061828632,556.3405979294319,549.0357523301388,551.2252197265625,69400800
2025-08-04,556.3703360927129,561.6150952409816,556.2708397121321,561.3961181640625,47669800
2025-08-05,562.6800492447384,563.8444243211386,557.047144120063,557.5845947265625,48666600
2025-08-06,558.4205125100245,565.0386624956789,557.9428326498341,564.6007690429688,41823700
2025-08-07,568.9298809926769,570.5719965866228,562.4013265086303,566.5115356445312,44463000
2025-08-08,567.7157577691117,572.0150586353669,567.4172078636645,571.7960815429688,35255500
2025-08-11,571.9354554685915,574.0353274481827,568.8304148017489,570.104248046875,33112900
2025-08-12,572.4031383383943,577.568264258411,569.7459530883017,577.2697143554688,42143300
2025-08-13,579.9667330931853,580.5240464797514,576.165035771658,577.558349609375,41209300
2025-08-14,575.5083270283026,579.091047893356,575.1400445589929,577.110595703125,45425000
2025-08-15,577.0209239007323,577.060771050305,572.811218330625,574.57275390625,49480200
2025-08-18,573.6769784888112,575.0006204675227,572.482718246351,574.34375,29831000
2025-08-19,573.6273596101793,573.7965277870278,565.5263603018907,566.5514526367188,53752600
2025-08-20,565.6059676042936,565.7253875756548,556.1614636230435,563.1876220703125,76781100
2025-08-21,561.6450181787756,563.774775630925,558.2911756152315,560.5802001953125,46436900
2025-08-22,561.9634564557491,571.238791941298,560.5702032580724,569.2284545898438,51502100
2025-08-25,567.6659983001664,570.5420998652211,566.4318908111547,567.5863647460938,34044700
2025-08-26,567.0987738406898,570.1739291946637,566.0736815609588,569.8654174804688,34103000
2025-08-27,568.8503542214644,571.6567843025553,567.6361701841732,570.7412109375,36927100
2025-08-28,571.3582297430389,575.2295992365423,569.7161747720991,574.3140258789062,46787900
2025-08-29,571.90560730373,572.2738897636767,565.8149455424127,567.6660766601562,56030400
2025-09-02,558.6195355636612,563.2571726003424,556.8580000613789,562.9088745117188,65876800
2025-09-03,566.5015849549442,568.9597775003773,564.0135677896833,567.3375854492188,54230200
2025-09-04,568.0043701424134,572.8410610450118,566.3026052373926,572.4728393554688,47526300
2025-09-05,577.707586970244,578.3345721151251,568.7905728965633,573.298828125,68342500
2025-09-08,575.5977945125156,578.0559870759845,575.0006946855148,576.0953979492188,46371400
2025-09-09,576.8915385805233,578.1554707195171,574.274139701763,577.7275390625,44007600
2025-09-10,580.942094267134,580.9719796320359,575.7769677758832,577.9166870117188,49308000
2025-09-11,580.4444560297375,582.0766099053841,578.8322257294989,581.2804565429688,44745800
2025-09-12,582.2357922273038,585.0422828265267,581.3002953608963,583.8480224609375,50745900
2025-09-15,585.6195335974215,588.9534523182087,585.4702282697297,588.843994140625,44360300
2025-09-16,589.7695130089575,590.018314719858,587.6596793599289,588.3463745117188,36942100
2025-09-17,588.2667613743852,588.9136701422223,581.5690385221046,587.1720581054688,69384800
2025-09-18,592.0585449007204,595.2731046813599,590.1179399259114,592.4666137695312,61069300
2025-09-19,594.4669572446983,597.1738908683575,592.9940097211341,596.4772338867188,58196100
2025-09-22,595.56457167487,600.6759063866804,595.5446250028239,600.0083618164062,57154800
2025-09-23,600.1776946146698,600.376978885606,594.8072966999976,596.0228881835938,64635500
2025-09-24,597.3979183069385,597.7167610032964,591.2005236200914,593.9305419921875,49850300
2025-09-25,590.0447574609248,592.9541133753095,586.358211090951,591.3699340820312,70920200
2025-09-26,592.1868651388552,594.1297803627111,588.9088608410209,593.8009643554688,54337400
2025-09-29,596.929586249639,599.858888854889,595.2357610619866,596.5509643554688,48332900
2025-09-30,596.2520555976123,598.5237869140956,593.9305184146496,598.1849975585938,46533800
2025-10-01,594.9966151966095,601.592517201177,594.1696797218984,601.0545043945312,46899600
2025-10-02,604.8506893778672,604.950301116935,600.7357150581139,603.5255126953125,43765400
2025-10-03,604.3027001978111,605.1197232184186,599.2013385970163,600.9848022460938,46482100
2025-10-06,606.2355880916678,607.1422494333636,603.7645725777412,605.498291015625,41962100
2025-10-07,606.8035939044607,607.4910851983766,600.835403229105,602.3099975585938,58209500
2025-10-08,603.2066381307736,609.523591030116,603.0572205300643,609.2147216796875,50629800
2025-10-09,609.2545466200572,609.3840783602061,605.2691043090726,608.4774169921875,45551000
2025-10-10,609.1748739271294,610.9483641105261,586.9061788056832,587.3545532226562,97614800
2025-10-13,597.497493628088,600.7556121211176,595.056398092238,599.8190307617188,65872600
2025-10-14,593.1434568492728,600.4966033203683,587.9823159734815,595.8236694335938,69203200
2025-10-15,601.8117836952674,604.4919961772353,593.7611729131481,600.0282592773438,62805500
2025-10-16,602.9077579751356,606.0961241101174,593.3327470469682,597.806396484375,70982000
2025-10-17,595.7738386787643,603.306322454893,594.1995718879336,601.7320556640625,72024900
2025-10-20,604.9303809627713,610.5697551235123,604.8606284241672,609.3143310546875,45761700
2025-10-21,609.4139706950965,610.4899962848245,607.1024069621277,609.1549072265625,44538200
2025-10-22,608.5969960402966,609.1848147458128,597.5573034367524,603.286376953125,61478800
2025-10-23,602.7085014161719,609.1450131867009,602.319966975814,608.35791015625,42844300
2025-10-24,613.7481193370727,616.1692681518385,612.8912638677524,614.8540649414062,47632500
2025-10-27,622.2471843336021,626.2624862060553,621.7589773359792,625.80419921875,54098600
2025-10-28,628.0658354818435,632.3701204498367,626.9598898422056,630.6165161132812,61195700
2025-10-29,633.276839153424,634.69165413006,627.9562469711387,633.4561767578125,67422800
2025-10-30,629.869267455657,631.1944440896802,623.6619603385896,623.7715454101562,61628600
2025-10-31,631.8619934183905,631.8919134270566,624.4092354874234,626.7805786132812,66305100
2025-11-03,632.7986042633725,633.5060422247587,627.5577374609765,629.7796630859375,37154300
2025-11-04,621.0117005353788,624.6683271251044,616.2092348629542,616.996337890625,63830800
2025-11-05,616.2390515684897,624.3195213581258,614.9637416360841,621.0116577148438,48688500
2025-11-06,619.5270116741043,619.776101814492,608.078838551967,609.44384765625,72115100
2025-11-07,606.0961466218313,607.7301926884926,596.4912153281726,607.5209350585938,81835400
2025-11-10,616.6674802752618,622.0378784586748,614.644899897251,620.9617919921875,55919900
2025-11-11,618.3115007347396,620.4536395227035,615.2726130875191,619.307861328125,44868800
2025-11-12,622.5659665942537,622.5858524528388,615.5615225825271,618.8196411132812,47444400
2025-11-13,615.2925422980531,615.8704485105809,603.8742880136988,606.1858520507812,71333600
2025-11-14,597.3679290922347,611.1176919097272,594.9965862233795,606.64404296875,80087300
2025-11-17,604.0934192729386,610.2509204798646,597.6868279161546,601.4630126953125,63850400
2025-11-18,597.4377215700049,600.1179339423381,589.1878876531316,594.1397705078125,83327300
2025-11-19,594.897031094223,603.9539148983285,592.4260762649179,597.6868286132812,73111500
2025-11-20,609.3940836964333,611.7953468701894,582.6218784315797,583.5385131835938,117743200
2025-11-21,585.3319113971087,594.807310091711,578.6264242609341,587.9224853515625,103344200
2025-11-24,593.1135933516537,604.4720682054578,592.9939741263881,602.9575805664062,60168100
2025-11-25,601.3136469136847,608.0390815394395,595.1461718391749,606.674072265625,57560900
2025-11-26,610.2808195033393,613.9474190856081,608.1685399702174,612.034423828125,42393600
2025-11-28,613.8677508272276,617.0660904342964,613.1802595402138,616.996337890625,23034400
2025-12-01,611.3967336448243,617.1855860502521,610.2907880213397,614.923828125,40957600
2025-12-02,617.2055331651553,621.4798980663827,615.3423437866954,619.7362670898438,54541800
2025-12-03,617.3649627124794,621.9481972408511,615.7807833814271,621.2507934570312,47841600
2025-12-04,622.6555993528335,622.6655726885474,617.2852013230104,620.6728515625,47067800
2025-12-05,622.1077018660956,626.6311575742,621.4401572213803,623.2036743164062,53614200
2025-12-08,624.9273247300189,626.5513972974647,619.4273950138578,622.0079956054688,43462400
2025-12-09,620.7426537012356,623.5922305440594,618.7399590794447,622.7752075195312,37156000
2025-12-10,621.5795410824109,626.920080160108,618.7299643381673,625.3258666992188,55031400
2025-12-11,621.5497401616841,623.5026290294861,615.4719033941835,623.3033447265625,58272800
2025-12-12,619.8160122611713,621.2706598008424,609.1349951238292,611.3867797851562,75158700
2025-12-15,616.1195138735233,616.1693197420918,607.102462393675,608.3179931640625,49538200
2025-12-16,606.0462710202155,611.2771638485672,604.7011478051123,609.5235595703125,55152800
2025-12-17,610.8287773715621,611.4166568355257,598.0953215609716,598.2247924804688,70654300
2025-12-18,607.5806797208244,610.6992932536183,604.7111563372118,606.8931884765625,78875800
2025-12-19,609.722845815118,615.372193060386,609.6431199441153,614.8042602539062,60369800
2025-12-22,619.8862552767364,620.1855972768566,616.3147325600856,617.7513427734375,43703100
2025-12-23,616.7437078609482,620.9437513214359,616.3247143117193,620.6444702148438,41120400
2025-12-24,620.5247726871431,622.809417120355,620.255389239048,622.460205078125,18468700
2025-12-26,623.1884938656726,624.0465142854792,621.6721158574088,622.4203491210938,28959800
2025-12-29,618.6392040742111,621.312944373981,617.2724362589381,619.4074096679688,32458300
2025-12-30,618.3798323976478,620.7142858196408,617.7612369489017,617.9707641601562,31226800
2025-12-31,618.1903012408169,618.4995685313527,612.6034567489972,612.8628540039062,40746500
2026-01-02,618.5993129536024,621.3827185880021,608.7126848809434,611.6756591796875,61859200
2026-01-05,617.8610636312775,619.3475438678657,615.2671519649484,616.5341796875,46828400
2026-01-06,617.7712838046286,622.550039153126,617.0829067758982,621.951416015625,43137500
2026-01-07,621.5723159557587,626.4607976434537,621.0934661514185,622.550048828125,44880300
2026-01-08,621.5623898130801,621.9514248328863,616.3446684463296,619.0083618164062,50435900
2026-01-09,619.946120817708,626.4108973206594,617.6016810573577,625.173828125,49688700
2026-01-12,620.8440291770474,627.368601054656,620.7941591397378,625.6925659179688,37388700
2026-01-13,625.7923733874012,627.9871421828441,622.2307758506613,624.7647705078125,44481400
2026-01-14,620.7741807448011,621.9813522711377,613.1122798122711,618.0905151367188,72598700
2026-01-15,625.1238996016858,628.5159146085045,619.2877047511574,620.3153076171875,53934900
2026-01-16,624.0265108868263,624.6051616315584,617.4221104790464,619.7965087890625,61058100
2026-01-20,609.0918377338978,613.611135001854,605.6199939698072,606.6276245117188,81988900
2026-01-21,608.0342310571399,618.958448118544,606.4280383777512,614.8282470703125,79837900
2026-01-22,620.8838887514372,620.9936758988773,616.3247080096578,619.2976684570312,42254800
2026-01-23,618.2701049354484,623.9267921630139,617.1926928942361,621.2530517578125,43645800
2026-01-26,621.7419335987944,626.1315320367429,620.654474506515,623.9866333007812,35983000
2026-01-27,627.428447510711,630.5510790290263,625.8621995501378,629.6432495117188,38997200
2026-01-28,633.9630457840011,635.1003139672691,630.3216198646463,631.728271484375,50691700
2026-01-29,631.1596506954837,632.1772064107698,616.8135217006399,627.9472045898438,79944000
2026-01-30,624.2360100363766,626.7799907137291,617.8410762491409,620.405029296875,65650700
2026-02-02,617.2425627681274,627.0094788951942,617.2026180242116,624.6650390625,49020300
2026-02-03,626.8199062679399,628.4959413976924,609.5207880738473,615.0676879882812,81234000
2026-02-04,613.5711796318161,613.6509473291842,599.0554072347201,604.322998046875,81850700
2026-02-05,598.7960977080248,603.3852370585454,593.3589241811554,595.6235961914062,89354500
2026-02-06,598.7761302609774,609.9696699932801,597.3594924154261,608.2138671875,78019300
2026-02-09,606.1088060763491,615.0078372205985,603.6446538426547,612.8728637695312,56797600
2026-02-10,613.8605219833995,615.566515685603,609.5706636004911,610.029541015625,53938900
2026-02-11,614.9280269463444,616.0653561148772,606.2584951427149,611.6657104492188,58575100
2026-02-12,613.2619605146361,614.3593449076634,598.1576109292407,599.22509765625,81378900
2026-02-13,599.0155339597561,605.0512695366964,595.0149707463246,600.5020141601562,69237500
2026-02-17,596.9703796848319,602.527265543405,591.9422745141455,599.8834838867188,69013800
2026-02-18,600.6916520079001,608.333642172117,599.3049116850376,604.3629760742188,64250700
2026-02-19,601.3899214380363,604.3928403408552,599.3347767407971,602.04833984375,60960800
2026-02-20,598.70626248816,608.9121436812641,597.8183444916572,607.3757934570312,74127300
2026-02-23,605.1809875790976,606.5777139403463,597.6387991893799,599.9932250976562,63859100
2026-02-24,600.9809641013653,607.5554060860559,598.3172099190714,606.4380493164062,55023700
2026-02-25,609.6305248735758,615.3769659271486,609.5606824638733,615.227294921875,55710700
2026-02-26,614.1398874724765,614.1398874724765,602.5571907580546,607.8048095703125,96178900
2026-02-27,601.5595911757949,606.8870389785335,600.7714740333364,605.8594360351562,68125200
2026-03-02,597.449233707877,608.4831769130049,596.5812880631398,606.6575317382812,75264600
2026-03-03,594.9252095120197,602.5372399706525,590.4756942596103,600.162841796875,97015500
2026-03-04,602.7367159421393,611.436205359631,602.0084551337541,609.3112182617188,70943900
2026-03-05,605.9691941386595,611.3165531665334,600.8412876368789,607.4755859375,89602400
2026-03-06,598.8958365654587,604.5724349663923,596.9205203720956,598.337158203125,86302300
2026-03-09,592.83015152989,607.8347607375977,589.9370196014203,606.3283081054688,93068200
2026-03-10,606.3483040570791,611.8452732023572,603.9938171455258,606.3383178710938,64078900
2026-03-11,607.5154643204306,610.9872467457833,603.6047159994632,606.2584228515625,60114800
2026-03-12,601.3400708370464,602.716824803038,595.6435001258386,595.85302734375,71836600
2026-03-13,598.3172021392496,602.1780807449821,591.1740956767717,592.3213500976562,63145500
2026-03-16,598.6264723831473,602.4374809704295,597.6986704778886,598.9656982421875,49077200
2026-03-17,601.7192114600242,604.4727195335382,600.4521836848432,601.8887939453125,47106600
2026-03-18,600.0730994941966,601.7391485345295,593.1594313501803,593.4986572265625,56128000
2026-03-19,588.1213056121308,594.3964663870662,585.6970372512312,591.623046875,75597600
2026-03-20,589.6676415345306,589.777367794347,577.177115328303,580.6888427734375,91964700
2026-03-23,589.8718065319924,594.426798587646,585.316814476339,587.3545532226562,89936100
2026-03-24,584.168034177979,587.2846043834495,581.291190762444,583.3389282226562,57750900
2026-03-25,588.4933019738706,590.7208345412774,585.0470769253521,587.1747436523438,60475500
2026-03-26,581.9604215239336,583.9882223389391,572.8005050402526,573.1600952148438,81492100
2026-03-27,570.1834096572744,570.3932010852176,560.953562318283,561.9624633789062,82702200
2026-03-30,566.7571613464482,567.4264087803426,554.990063621082,557.6671752929688,70602600
2026-03-31,563.6705222317372,578.0048059355398,563.5906539497258,576.54638671875,95878000
2026-04-01,580.8416686249938,587.0948065489223,579.7828346644924,583.6685791015625,79435100
2026-04-02,573.3399058573888,585.4066623334502,571.2921684003409,584.3378295898438,50941700
2026-04-06,585.5864761740653,589.9616731281693,584.04818857967,587.85400390625,35108500
2026-04-07,584.9971348275072,588.33343423744,577.7650922119919,587.9439086914062,49948200
2026-04-08,608.0418015962135,609.2304976949432,601.4590090396181,605.4246826171875,63086000
2026-04-09,605.2648690435934,609.8298599139192,602.3680889271087,609.5202026367188,37837500
2026-04-10,611.1684052317679,612.9963525292593,608.9108762966896,610.3992309570312,34038500
2026-04-13,608.8109292631304,626.0519920071752,607.4424380458482,616.7122802734375,32972100
2026-04-14,619.5391066149297,627.909912109375,619.4192432257902,627.909912109375,49921100
2026-04-15,628.389443361703,637.1298380333551,627.5104045058445,636.7003173828125,50102400
2026-04-16,638.508341093032,641.4750515662109,634.5626649382287,639.7669067382812,42320600
2026-04-17,644.8813252169399,649.2864572780229,643.3629742993419,648.1376953125,53488900
2026-04-20,647.3285838511964,648.0478251654257,641.8146849601577,646.0799560546875,37138500
2026-04-21,647.6981578004061,649.4862317832127,641.5050128476822,643.6226806640625,39580500
2026-04-22,649.4363527672372,654.6106593494021,647.8081371457112,654.390869140625,37368400
2026-04-23,652.8325617169355,656.1988574654163,644.8114082493845,650.7048950195312,40099800
2026-04-24,657.7871447947734,663.7805584259092,655.8093378063087,663.1512451171875,45563100
2026-04-27,662.6718094811696,663.7006471456002,659.9647623025988,663.5008544921875,32717000
2026-04-28,656.6883250827437,658.9159186391063,653.0923012400261,656.8281860351562,34147900
2026-04-29,657.906975030037,660.9935487523345,655.8692364466933,660.84375,31724900
2026-04-30,664.6195670718752,668.165718724101,656.8381407338443,667.0069580078125,40622200
2026-05-01,668.425399726581,675.2279215792395,668.0658095505829,673.4099731445312,39172600
2026-05-04,673.9193717407993,675.9871067346722,668.165745937857,672.141357421875,34542000
2026-05-05,677.2157986999623,682.0205161358222,676.7662804889583,680.8617553710938,37101100
2026-05-06,687.0250065058129,695.1660231170968,685.7263848294704,695.0062255859375,38778500
2026-05-07,695.8153383268437,700.4701959320079,691.0106209986512,694.1771240234375,43779100
2026-05-08,699.1516368844667,710.44921875,698.7321150158692,710.44921875,44320400
2026-05-11,709.5801817559162,713.805579696499,708.1317613118729,712.5069580078125,36019100
2026-05-12,707.4425277497028,709.4003981235137,695.8752835015275,706.463623046875,45873000
2026-05-13,709.1806902070881,715.8633489513101,704.0563165931343,713.9254760742188,40012500
2026-05-14,713.8355094170396,721.2374091114184,713.4359241362712,718.9998168945312,33327500
2026-05-15,709.3604881552494,714.3450008365951,704.7754998097428,708.1517944335938,51792700
2026-05-18,710.7588622671137,711.2883097073819,698.0827906816122,705.1051025390625,49834500
2026-05-19,699.0418050981273,705.714465040699,694.4868131207006,700.7599487304688,46827500
2026-05-20,704.5157692199168,712.3671875,703.0174157954351,712.3671875,36779200
2026-05-21,708.2116871156971,716.3327671783537,705.9941534147096,713.7256469726562,36415400
2026-05-22,717.2817668085307,721.3273088449104,715.1640988544713,716.7523193359375,33118600
2026-05-26,725.1631283460116,730.3673702569255,723.3650554496121,729.4783935546875,34254700
2026-05-27,732.155448805963,732.515039000156,724.6436840304248,728.6492919921875,35148700
2026-05-28,728.9289290608506,735.7913827320126,725.6125662306399,734.79248046875,32840000
2026-05-29,737.0300569298091,740.815874477768,734.4428732975097,737.49951171875,37541700
2026-06-01,736.2309273283665,744.8315224447946,735.1820921097265,741.9246826171875,33890600
2026-06-02,741.5850600741305,745.6206032443648,738.4184960219842,745.3408813476562,30085200
2026-06-03,746.4896389980919,747.828194840854,740.1965670083828,743.39306640625,40270200
2026-06-04,734.6726235372454,742.6838392688934,731.815777671541,739.7969970703125,40782600
2026-06-05,729.2585667367451,730.8867822650427,703.5468328396532,704.2860107421875,99606600
2026-06-08,717.0220156925686,722.2363170978037,712.2872288217055,715.283935546875,47401500
2026-06-09,722.1863106332692,724.863361278284,685.6165148330579,707.052978515625,91932200
2026-06-10,700.8897497708573,710.4992458337158,692.1693523412803,692.9285278320312,65334300
2026-06-11,698.5223198057862,717.5813914617661,694.2370511794155,716.332763671875,71798900
2026-06-12,716.8222099862159,723.2152086039907,710.4992028084189,720.5481567382812,51168400
2026-06-15,737.2897407963812,743.9424640540115,736.5705604269921,743.1832885742188,46710200
2026-06-16,741.4351902855873,743.4029984406948,728.8390476265988,729.0587768554688,45348700
2026-06-17,734.38293083454,734.8723831709506,720.058646070882,721.7168579101562,51669300
2026-06-18,736.390778085872,741.005701773832,731.7059239216511,739.8070068359375,50154600
2026-06-22,742.02001953125,745.4500122070312,734.3900146484375,737.9500122070312,43518600
2026-06-23,715.739990234375,723.6099853515625,712.1099853515625,713.6500244140625,53354200
2026-06-24,715.3699951171875,719.9299926757812,704.4500122070312,710.6199951171875,52480400
2026-06-25,725.9000244140625,726.8300170898438,705.2999877929688,716.3800048828125,49668000
2026-06-26,707.1300048828125,715.5599975585938,702.8099975585938,706.52001953125,47081800
2026-06-29,713.989990234375,724.5800170898438,705.1699829101562,724.0800170898438,44939100
2026-06-30,724.1799926757812,737.6199951171875,723.9099731445312,736.4000244140625,42121800
2026-07-01,729.1900024414062,731.9199829101562,724.5999755859375,725.1699829101562,40803800
2026-07-02,725.5800170898438,730.8300170898438,707.5599975585938,712.5999755859375,50959800
2026-07-06,719.9299926757812,726.0800170898438,718.4500122070312,722.8200073242188,30220400
2026-07-07,714.1699829101562,716.3499755859375,704.9000244140625,709.4299926757812,42483100
2026-07-08,704.9500122070312,712.260009765625,700.9099731445312,711.4400024414062,35603200
2026-07-09,718.3300170898438,724.22998046875,715.1300048828125,723.280029296875,33654700
2026-07-10,720.7000122070312,726.3900146484375,717.0,725.510009765625,26415900
2026-07-13,717.719970703125,718.739990234375,710.0800170898438,711.739990234375,36552400
2026-07-14,720.219970703125,722.2899780273438,714.3400268554688,719.6900024414062,29448100
2026-07-15,723.8499755859375,724.3599853515625,710.22998046875,717.739990234375,32627600
2026-07-16,712.010009765625,713.5999755859375,702.6099853515625,705.9400024414062,39402000
2026-07-17,691.6500244140625,702.2999877929688,686.760009765625,695.3300170898438,54109300
2026-07-20,702.1599731445312,705.7999877929688,695.510009765625,696.0599975585938,29687600
2026-07-21,706.5700073242188,710.0499877929688,702.7999877929688,708.969970703125,33728300
2026-07-22,703.6199951171875,709.6500244140625,703.6199951171875,705.3499755859375,23692200
2026-07-23,694.6699829101562,698.6599731445312,687.7899780273438,691.9600219726562,44028600
2026-07-24,690.25,692.6300048828125,682.47998046875,684.22998046875,39636030
